City,Design Level,PGA,EQgroup,District
北京市,8 度,0.20g,第二组,东城区、西城区、朝阳区、丰台区、石景山区、海淀区、门头沟区、房山区、通州区、顺义区、昌平区、大兴区、怀柔区、平谷区、密云区、延庆区
天津市,8 度,0.20g,第二组,和平区、河东区、河西区、南开区、河北区、红桥区、东丽区、津南区、北辰区、武清区、宝坻区、滨海新区、宁河区
,7 度,0.15g,第二组,西青区、静海区、蓟县
石家庄市,7 度,0.15g,第一组,辛集市
,7 度,0.10g,第一组,赵县
,7 度,0.10g,第二组,长安区、桥西区、新华区、井陉矿区、裕华区、栾城区、藁城区、鹿泉区、井陉县、正定县、高邑县、深泽县、无极县、平山县、元氏县、晋州市
,7 度,0.10g,第三组,灵寿县
,6 度,0.05g,第三组,行唐县、赞皇县、新乐市
唐山市,8 度,0.30g,第二组,路南区、丰南区
,8 度,0.20g,第二组,路北区、古冶区、开平区、丰润区、滦县
,7 度,0.15g,第三组,曹妃甸区（唐海）、乐亭县、玉田县
,7 度,0.15g,第二组,滦南县、迁安市
,7 度,0.10g,第三组,迁西县、遵化市
秦皇岛市,7 度,0.15g,第二组,卢龙县
,7 度,0.10g,第三组,青龙满族自治县、海港区
,7 度,0.10g,第二组,抚宁区、北戴河区、昌黎县
,6 度,0.05g,第三组,山海关区
邯郸市,8 度,0.20g,第二组,峰峰矿区、临漳县、磁县
,7 度,0.15g,第二组,邯山区、丛台区、复兴区、邯郸县、成安县、大名县、魏县、武安市
,7 度,0.15g,第一组,永年县
,7 度,0.10g,第三组,邱县、馆陶县
,7 度,0.10g,第二组,涉县、肥乡县、鸡泽县、广平县、曲周县
邢台市,7 度,0.15g,第一组,桥东区、桥西区、邢台县1、内丘县、柏乡县、隆尧县、任县、南和县、宁晋县、巨鹿县、新河县、沙河市
,7 度,0.10g,第二组,临城县、广宗县、平乡县、南宫市
,6 度,0.05g,第三组,威县、清河县、临西县
保定市,7 度,0.15g,第二组,涞水县、定兴县、涿州市、高碑店市
,7 度,0.10g,第二组,竞秀区、莲池区、徐水区、高阳县、容城县、安新县、易县、蠡县、博野县、雄县
,7 度,0.10g,第三组,清苑区、涞源县、安国市
,6 度,0.05g,第三组,满城区、阜平县、唐县、望都县、曲阳县、顺平县、定州市
张家口市,8 度,0.20g,第二组,下花园区、怀来县、涿鹿县
,7 度,0.15g,第二组,桥东区、桥西区、宣化区、宣化县2、蔚县、阳原县、怀安县、万全县
,7 度,0.10g,第三组,赤城县
,7 度,0.10g,第二组,张北县、尚义县、崇礼县
,6 度,0.05g,第三组,沽源县
,6 度,0.05g,第二组,康保县
承德市,7 度,0.10g,第三组,鹰手营子矿区、兴隆县
,6 度,0.05g,第三组,双桥区、双滦区、承德县、平泉县、滦平县、隆化县、丰宁满族自治县、宽城满族自治县
,6 度,0.05g,第一组,围场满族蒙古族自治县
沧州市,7 度,0.15g,第二组,青县
,7 度,0.15g,第一组,青县、肃宁县、献县、任丘市、河间市
,7 度,0.10g,第三组,黄骅市
,7 度,0.10g,第二组,新华区、运河区、沧县3、东光县、南皮县、吴桥县、泊头市
,6 度,0.05g,第三组,海兴县、盐山县、孟村回族自治县
廊坊市,8 度,0.20g,第二组,安次区、广阳区、香河县、大厂回族自治县、三河市
,7 度,0.15g,第二组,固安县、永清县、文安县
,7 度,0.15g,第一组,大城县
,7 度,0.10g,第二组,霸州市
衡水市,7 度,0.15g,第一组,饶阳县、深州市
,7 度,0.10g,第二组,桃城区、武强县、冀州市
,7 度,0.10g,第一组,安平县
,6 度,0.05g,第三组,枣强县、武邑县、故城县、阜城县
,6 度,0.05g,第二组,景县
太原市,8 度,0.20g,第二组,小店区、迎泽区、杏花岭区、尖草坪区、万柏林区、晋源区、清徐县、阳曲县
,7 度,0.15g,第二组,古交市
,7 度,0.10g,第三组,娄烦县
大同市,8 度,0.20g,第二组,城区、矿区、南郊区、大同县
,7 度,0.15g,第三组,浑源县
,7 度,0.15g,第二组,新荣区、阳高县、天镇县、广灵县、灵丘县、左云县
阳泉市,7 度,0.10g,第三组,盂县
,7 度,0.10g,第二组,城区、矿区、郊区、平定县
长治市,7 度,0.10g,第三组,平顺县、武乡县、沁县、沁源县
,7 度,0.10g,第二组,城区、郊区、长治县、黎城县、壶关县、潞城市
,6 度,0.05g,第三组,襄垣县、屯留县、长子县
晋城市,7 度,0.10g,第三组,沁水县、陵川县
,6 度,0.05g,第三组,城区、阳城县、泽州县、高平市
朔州市,8 度,0.20g,第二组,山阴县、应县、怀仁县
,7 度,0.15g,第二组,朔城区、平鲁区、右玉县
晋中市,8 度,0.20g,第二组,榆次区、太谷县、祁县、平遥县、灵石县、介休市
,7 度,0.10g,第三组,榆社县、和顺县、寿阳县
,7 度,0.10g,第二组,昔阳县
,6 度,0.05g,第三组,左权县
运城市,8 度,0.20g,第三组,永济市
,7 度,0.15g,第三组,临猗县、万荣县、闻喜县、稷山县、绛县
,7 度,0.15g,第二组,盐湖区、新绛县、夏县、平陆县、芮城县、河津市
,7 度,0.10g,第二组,垣曲县
忻州市,8 度,0.20g,第二组,忻府区、定襄县、五台县、代县、原平市
,7 度,0.15g,第三组,宁武县      
,7 度,0.15g,第二组,繁峙县
,7 度,0.10g,第三组,静乐县、神池县、五寨县
,6 度,0.05g,第三组,岢岚县、河曲县、保德县、偏关县
临汾市,8 度,0.30g,第二组,洪洞县
,8 度,0.20g,第二组,尧都区、襄汾县、古县、浮山县、汾西县、霍州市
,7 度,0.15g,第二组,曲沃县、翼城县、蒲县、侯马市
,7 度,0.10g,第三组,安泽县、吉县、乡宁县、隰县
,6 度,0.05g,第三组,大宁县、永和县
吕梁市,8 度,0.20g,第二组,文水县、交城县、孝义市、汾阳市
,7 度,0.10g,第三组,离石区、岚县、中阳县、交口县
,6 度,0.05g,第三组,兴县、临县、柳林县、石楼县、方山县
呼和浩特市,8 度,0.20g,第二组,新城区、回民区、玉泉区、赛罕区、土默特左旗
,7 度,0.15g,第二组,托克托县、和林格尔县、武川县
,7 度,0.10g,第二组,清水河县
包头市,8 度,0.30g,第二组,土默特右旗
,8 度,0.20g,第二组,东河区、石拐区、九原区、昆都仑区、青山区
,7 度,0.15g,第二组,固阳县
,6 度,0.05g,第三组,白云鄂博矿区、达尔罕茂明安联合旗
乌海市,8 度,0.20g,第二组,海勃湾区、海南区、乌达区
赤峰市,8 度,0.20g,第一组,元宝山区、宁城县
,7 度,0.15g,第一组,红山区、喀喇沁旗
,7 度,0.10g,第一组,松山区、阿鲁科尔沁旗、敖汉旗
,6 度,0.05g,第一组,巴林左旗、巴林右旗、林西县、克什克腾旗、翁牛特旗
通辽市,7 度,0.10g,第一组,科尔沁区、开鲁县
,6 度,0.05g,第一组,科尔沁左翼中旗、科尔沁左翼后旗、库伦旗、奈曼旗、扎鲁特旗、霍林郭勒市
鄂尔多斯市,8 度,0.20g,第二组,达拉特旗
,7 度,0.10g,第三组,东胜区、准格尔旗
,6 度,0.05g,第三组,鄂托克前旗、鄂托克旗、杭锦旗、伊金霍洛旗
,6 度,0.05g,第一组,乌审旗
呼伦贝尔市,7 度,0.10g,第一组,扎赉诺尔区、陈巴尔虎右旗、扎兰屯市
,6 度,0.05g,第一组,海拉尔区、阿荣旗、莫力达瓦达斡尔族自治旗、鄂伦春自治旗、鄂温克族自治旗、陈巴尔虎旗、新巴尔虎左旗、满洲里市、牙克石市、额尔古纳市、根河市
巴彦淖尔市,8 度,0.20g,第二组,杭锦后旗
,8 度,0.20g,第一组,磴口县、乌拉特前旗、乌拉特后旗
,7 度,0.15g,第二组,临河区、五原县
,7 度,0.10g,第二组,乌拉特中旗
乌兰察布市,7 度,0.15g,第二组,凉城县、察哈尔右翼前旗、丰镇市
,7 度,0.10g,第三组,察哈尔右翼中旗        
,7 度,0.10g,第二组,集宁区、卓资县、兴和县
,6 度,0.05g,第三组,四子王旗
,6 度,0.05g,第二组,化德县、商都县、察哈尔右翼后旗
兴安盟,6 度,0.05g,第一组,乌兰浩特市、阿尔山市、科尔沁右翼前旗、科尔沁右翼中旗、扎赉特旗、突泉县
锡林郭勒盟,6 度,0.05g,第三组,太仆寺旗
,6 度,0.05g,第二组,正蓝旗
,6 度,0.05g,第一组,二连浩特市、锡林浩特市、阿巴嘎旗、苏尼特左旗、苏尼特右旗、东乌珠穆沁旗、西乌珠穆沁旗、镶黄旗、正镶白旗、多伦县
阿拉善盟,8 度,0.20g,第二组,阿拉善左旗、阿拉善右旗
,6 度,0.05g,第一组,额济纳旗
沈阳市,7 度,0.10g,第一组,和平区、沈河区、大东区、皇姑区、铁西区、苏家屯区、浑南区（原东陵区）、沈北新区、于洪区、辽中县 
,6 度,0.05g,第一组,康平县、法库县、新民市
大连市,8 度,0.20g,第一组,瓦房店市、普兰店市
,7 度,0.15g,第一组,金州区
,7 度,0.10g,第二组,中山区、西岗区、沙河口区、甘井子区、旅顺口区
,6 度,0.05g,第二组,长海县
,6 度,0.05g,第一组,庄河市
鞍山市,8 度,0.20g,第二组,海城市
,7 度,0.10g,第二组,铁东区、铁西区、立山区、千山区、岫岩满族自治县
,7 度,0.10g,第一组,台安县
抚顺市,7 度,0.10g,第一组,新抚区、东洲区、望花区、顺城区、抚顺县1
,6 度,0.05g,第一组,新宾满族自治县、清原满族自治县
本溪市,7 度,0.10g,第二组,南芬区
,7 度,0.10g,第一组,平山区、溪湖区、明山区
,6 度,0.05g,第一组,本溪满族自治县、桓仁满族自治县
丹东市,8 度,0.20g,第一组,东港市
,7 度,0.15g,第一组,元宝区、振兴区、振安区
,6 度,0.05g,第二组,凤城市
,6 度,0.05g,第一组,宽甸满族自治县
锦州市,6 度,0.05g,第二组,古塔区、凌河区、太和区、凌海市
,6 度,0.05g,第一组,黑山县、义县、北镇市
营口市,8 度,0.20g,第二组,老边区、盖州市、大石桥市
,7 度,0.15g,第二组,站前区、西市区、鲅鱼圈区
阜新市,6 度,0.05g,第一组,海州区、新邱区、太平区、清河门区、细河区、阜新蒙古族自治县、彰武县
辽阳市,7 度,0.10g,第二组,弓长岭区、宏伟区、辽阳县
,7 度,0.10g,第一组,白塔区、文圣区、太子河区、灯塔市
盘锦市,7 度,0.10g,第二组,双台子区、兴隆台区、大洼县、盘山县
铁岭市,7 度,0.10g,第一组,银州区、清河区、铁岭县2、昌图县、开原市
,6 度,0.05g,第一组,西丰县、调兵山市
朝阳市,7 度,0.10g,第二组,凌源市
,7 度,0.10g,第一组,双塔区、龙城区、朝阳县3、建平县、北票市
,6 度,0.05g,第二组,喀喇沁左翼蒙古族自治县
葫芦岛市,6 度,0.05g,第二组,连山区、龙港区、南票区
,6 度,0.05g,第三组,绥中县、建昌县、兴城市
长春市,7 度,0.10g,第一组,南关区、宽城区、朝阳区、二道区、绿园区、双阳区、九台区
,6 度,0.05g,第一组,农安县、榆树市、德惠市
吉林市,8 度,0.20g,第一组,舒兰市
,7 度,0.10g,第一组,昌邑区、龙潭区、船营区、丰满区、永吉县
,6 度,0.05g,第一组,蛟河市、桦甸市、磐石市
四平市,7 度,0.10g,第一组,伊通满族自治县
,6 度,0.05g,第一组,铁西区、铁东区、梨树县、公主岭市、双辽市
辽源市,6 度,0.05g,第一组,龙山区、西安区、东丰县、东辽县
通化市,6 度,0.05g,第一组,东昌区、二道江区、通化县、辉南县、柳河县、梅河口市、集安市
白山市,6 度,0.05g,第一组,浑江区、江源区、抚松县、靖宇县、长白朝鲜族自治县、临江市
松原市,8 度,0.20g,第一组,宁江区、前郭尔罗斯蒙古族自治县
,7 度,0.10g,第一组,乾安县
,6 度,0.05g,第一组,长岭县、扶余市
白城市,7 度,0.15g,第一组,大安市
,7 度,0.10g,第一组,洮北区
,6 度,0.05g,第一组,镇赉县、通榆县、洮南市
延边朝鲜族自治州,7 度,0.15g,第一组,安图县
,6 度,0.05g,第一组,延吉市、图们市、敦化市、珲春市、龙井市、和龙市、汪清县
哈尔滨市,8 度,0.20g,第一组,方正县
,7 度,0.15g,第一组,依兰县、通河县、延寿县
,7 度,0.10g,第一组,道里区、南岗区、道外区、松北区、香坊区、呼兰区、尚志市、五常市
,6 度,0.05g,第一组,平房区、阿城区、宾县、巴彦县、木兰县、双城区
齐齐哈尔市,7 度,0.10g,第一组,昂昂溪区、富拉尔基区、泰来县
,6 度,0.05g,第一组,龙沙区、建华区、铁峰区、碾子山区、梅里斯达斡尔族区、龙江县、依安县、甘南县、富裕县、克山县、克东县、拜泉县、讷河市
鸡西市,6 度,0.05g,第一组,鸡冠区、恒山区、滴道区、梨树区、城子河区、麻山区、鸡东县、虎林市、密山市
鹤岗市,7 度,0.10g,第一组,向阳区、工农区、南山区、兴安区、东山区、兴山区、萝北县
,6 度,0.05g,第一组,绥滨县
双鸭山市,6 度,0.05g,第一组,尖山区、岭东区、四方台区、宝山区、集贤县、友谊县、宝清县、饶河县
大庆市,7 度,0.10g,第一组,肇源县
,6 度,0.05g,第一组,萨尔图区、龙凤区、让胡路区、红岗区、大同区、肇州县、林甸县、杜尔伯特蒙古族自治县
伊春市,6 度,0.05g,第一组,伊春区、南岔区、友好区、西林区、翠峦区、新青区、美溪区、金山屯区、五营区、乌马河区、汤旺河区、带岭区、乌伊岭区、红星区、上甘岭区、嘉荫县、铁力市
佳木斯市,7 度,0.10g,第一组,向阳区、前进区、东风区、郊区、汤原县
,6 度,0.05g,第一组,桦南县、桦川县、抚远县、同江市、富锦市
七台河市,6 度,0.05g,第一组,新兴区、桃山区、茄子河区、勃利县
牡丹江市,6 度,0.05g,第一组,东安区、阳明区、爱民区、西安区、东宁县、林口县、绥芬河市、海林市、宁安市、穆棱市
黑河市,6 度,0.05g,第一组,爱辉区、嫩江县、逊克县、孙吴县、北安市、五大连池市
绥化市,7 度,0.10g,第一组,北林区、庆安县
,6 度,0.05g,第一组,望奎县、兰西县、青冈县、明水县、绥棱县、安达市、肇东市、海伦市
大兴安岭地区,6 度,0.05g,第一组,加格达奇区、呼玛县、塔河县、漠河县
上海市,7 度,0.10g,第二组,黄浦区、徐汇区、长宁区、静安区、普陀区、闸北区、虹口区、杨浦区、闵行区、宝山区、嘉定区、浦东新区、金山区、松江区、青浦区、奉贤区、崇明县
南京市,7 度,0.10g,第二组,六合区
,7 度,0.10g,第一组,玄武区、秦淮区、建邺区、鼓楼区、浦口区、栖霞区、雨花台区、江宁区、溧水区
,6 度,0.05g,第一组,高淳区
无锡市,7 度,0.10g,第一组,崇安区、南长区、北塘区、锡山区、滨湖区、惠山区、宜兴市
,6 度,0.05g,第二组,江阴市
徐州市,8 度,0.20g,第二组,睢宁县、新沂市、邳州市
,7 度,0.10g,第三组,鼓楼区、云龙区、贾汪区、泉山区、铜山区
,7 度,0.10g,第二组,沛县
,6 度,0.05g,第二组,丰县
常州市,7 度,0.10g,第一组,天宁区、钟楼区、新北区、武进区、金坛区、溧阳市
苏州市,7 度,0.10g,第一组,虎丘区、吴中区、相城区、姑苏区、吴江区、常熟市、昆山市、太仓市
,6 度,0.05g,第二组,张家港市
南通市,7 度,0.10g,第二组,崇川区、港闸区、海安县、如东县、如皋市
,6 度,0.05g,第二组,通州区、启东市、海门市
连云港市,7 度,0.15g,第三组,东海县
,7 度,0.10g,第三组,连云区、海州区、赣榆区、灌云县
,6 度,0.05g,第三组,灌南县
淮安市,7 度,0.10g,第三组,清河区、淮阴区、清浦区
,7 度,0.10g,第二组,盱眙县
,6 度,0.05g,第三组,淮安区、涟水县、洪泽县、金湖县
盐城市,7 度,0.15g,第三组,大丰区
,7 度,0.10g,第三组,盐都区
,7 度,0.10g,第二组,亭湖区、射阳县、东台市
,6 度,0.05g,第三组,响水县、滨海县、阜宁县、建湖县
扬州市,7 度,0.15g,第二组,广陵区、江都区
,7 度,0.15g,第一组,邗江区、仪征市
,7 度,0.10g,第二组,高邮市
,6 度,0.05g,第三组,宝应县
镇江市,7 度,0.15g,第一组,京口区、润州区
,7 度,0.10g,第一组,丹徒区、丹阳市、扬中市、句容市
泰州市,7 度,0.10g,第二组,海陵区、高港区、姜堰区、兴化市
,6 度,0.05g,第二组,靖江市
,6 度,0.05g,第一组,泰兴市
宿迁市,8 度,0.30g,第二组,宿城区、宿豫区
,8 度,0.20g,第二组,泗洪县
,7 度,0.15g,第三组,沭阳县
,7 度,0.10g,第三组,泗阳县
杭州市,7 度,0.10g,第一组,上城区、下城区、江干区、拱墅区、西湖区、余杭区
,6 度,0.05g,第一组,滨江区、萧山区、富阳区、桐庐县、淳安县、建德市、临安市
宁波市,7 度,0.10g,第一组,海曙区、江东区、江北区、北仑区、镇海区、鄞州区
,6 度,0.05g,第一组,象山县、宁海县、余姚市、慈溪市、奉化市
温州市,6 度,0.05g,第二组,洞头区、平阳县、苍南县、瑞安市
,6 度,0.05g,第一组,鹿城区、龙湾区、瓯海区、永嘉县、文成县、泰顺县、乐清市
嘉兴市,7 度,0.10g,第一组,南湖区、秀洲区、嘉善县、海宁市、平湖市、桐乡市
,6 度,0.05g,第一组,海盐县
湖州市,6 度,0.05g,第一组,吴兴区、南浔区、德清县、长兴县、安吉县
绍兴市,6 度,0.05g,第一组,越城区、柯桥区、上虞区、新昌县、诸暨市、嵊州市
金华市,6 度,0.05g,第一组,婺城区、金东区、武义县、浦江县、磐安县、兰溪市、义乌市、东阳市、永康市
衢州市,6 度,0.05g,第一组,柯城区、衢江区、常山县、开化县、龙游县、江山市
舟山市,7 度,0.10g,第一组,定海区、普陀区、岱山县
,6 度,0.05g,第一组,嵊泗县
台州市,6 度,0.05g,第二组,玉环县
,6 度,0.05g,第一组,椒江区、黄岩区、路桥区、三门县、天台县、仙居县、温岭市、临海市
丽水市,6 度,0.05g,第二组,庆元县
,6 度,0.05g,第一组,莲都区、青田县、缙云县、遂昌县、松阳县、云和县、景宁畲族自治县、龙泉市
合肥市,7 度,0.10g,第一组,瑶海区、庐阳区、蜀山区、包河区、长丰县、肥东县、肥西县、庐江县、巢湖市
芜湖市,6 度,0.05g,第一组,镜湖区、弋江区、鸠江区、三山区、芜湖县、繁昌县、南陵县、无为县
蚌埠市,7 度,0.15g,第二组,五河县
,7 度,0.10g,第二组,固镇县
,7 度,0.10g,第一组,龙子湖区、蚌山区、禹会区、淮上区、怀远县
淮南市,7 度,0.10g,第一组,大通区、田家庵区、谢家集区、八公山区、潘集区、凤台县
马鞍山市,6 度,0.05g,第一组,花山区、雨山区、博望区、当涂县、含山县、和县
淮北市,6 度,0.05g,第三组,杜集区、相山区、烈山区、濉溪县
铜陵市,7 度,0.10g,第一组,铜官山区、狮子山区、郊区、铜陵县
安庆市,7 度,0.10g,第一组,迎江区、大观区、宜秀区、枞阳县、桐城市
,6 度,0.05g,第一组,怀宁县、潜山县、太湖县、宿松县、望江县、岳西县
黄山市,6 度,0.05g,第一组,屯溪区、黄山区、徽州区、歙县、休宁县、黟县、祁门县
滁州市,7 度,0.10g,第二组,天长市、明光市
,7 度,0.10g,第一组,定远县、凤阳县
,6 度,0.05g,第二组,琅琊区、南谯区、来安县、全椒县
阜阳市,7 度,0.10g,第一组,颍州区、颍东区、颍泉区
,6 度,0.05g,第一组,临泉县、太和县、阜南县、颍上县、界首市
宿州市,7 度,0.15g,第二组,泗县
,7 度,0.10g,第三组,萧县
,7 度,0.10g,第二组,灵璧县
,6 度,0.05g,第三组,埇桥区
,6 度,0.05g,第二组,砀山县
六安市,7 度,0.15g,第一组,霍山县
,7 度,0.10g,第一组,金安区、裕安区、寿县、舒城县
,6 度,0.05g,第一组,霍邱县、金寨县
亳州市,7 度,0.10g,第二组,谯城区、涡阳县
,6 度,0.05g,第二组,蒙城县
,6 度,0.05g,第一组,利辛县
池州市,7 度,0.10g,第一组,贵池区
,6 度,0.05g,第一组,东至县、石台县、青阳县
宣城市,7 度,0.10g,第一组,郎溪县
,6 度,0.05g,第一组,宣州区、广德县、泾县、绩溪县、旌德县、宁国市
福州市,7 度,0.10g,第三组,鼓楼区、台江区、仓山区、马尾区、晋安区、平潭县、福清市、长乐市
,6 度,0.05g,第三组,连江县、永泰县
,6 度,0.05g,第二组,闽侯县、罗源县、闽清县
厦门市,7 度,0.15g,第三组,思明区、湖里区、集美区、翔安区
,7 度,0.15g,第二组,海沧区
,7 度,0.10g,第三组,同安区
莆田市,7 度,0.10g,第三组,城厢区、涵江区、荔城区、秀屿区、仙游县
三明市,6 度,0.05g,第一组,梅列区、三元区、明溪县、清流县、宁化县、大田县、尤溪县、沙县、将乐县、泰宁县、建宁县、永安市
泉州市,7 度,0.15g,第三组,鲤城区、丰泽区、洛江区、石狮市、晋江市
,7 度,0.10g,第三组,泉港区、惠安县、安溪县、永春县、南安市
,6 度,0.05g,第三组,德化县
漳州市,7 度,0.15g,第三组,漳浦县
,7 度,0.15g,第二组,芗城区、龙文区、诏安县、长泰县、东山县、南靖县、龙海市
,7 度,0.10g,第三组,云霄县
,7 度,0.10g,第二组,平和县、华安县
南平市,6 度,0.05g,第二组,政和县
,6 度,0.05g,第一组,延平区、建阳区、顺昌县、浦城县、光泽县、松溪县、邵武市、武夷山市、建瓯市
龙岩市,6 度,0.05g,第二组,新罗区、永定区、漳平市
,6 度,0.05g,第一组,长汀县、上杭县、武平县、连城县
宁德市,6 度,0.05g,第二组,蕉城区、霞浦县、周宁县、柘荣县、福安市、福鼎市
,6 度,0.05g,第一组,古田县、屏南县、寿宁县
南昌市,6 度,0.05g,第一组,东湖区、西湖区、青云谱区、湾里区、青山湖区、新建区、南昌县、安义县、进贤县
景德镇市,6 度,0.05g,第一组,昌江区、珠山区、浮梁县、乐平市
萍乡市,6 度,0.05g,第一组,安源区、湘东区、莲花县、上栗县、芦溪县
九江市,6 度,0.05g,第一组,庐山区、浔阳区、九江县、武宁县、修水县、永修县、德安县、星子县、都昌县、湖口县、彭泽县、瑞昌市、共青城市
新余市,6 度,0.05g,第一组,渝水区、分宜县
鹰潭市,6 度,0.05g,第一组,月湖区、余江县、贵溪市
赣州市,7 度,0.10g,第一组,安远县、会昌县、寻乌县、瑞金市
,6 度,0.05g,第一组,章贡区、南康区、赣县、信丰县、大余县、上犹县、崇义县、龙南县、定南县、全南县、宁都县、于都县、兴国县、石城县
吉安市,6 度,0.05g,第一组,吉州区、青原区、吉安县、吉水县、峡江县、新干县、永丰县、泰和县、遂川县、万安县、安福县、永新县、井冈山市
宜春市,6 度,0.05g,第一组,袁州区、奉新县、万载县、上高县、宜丰县、靖安县、铜鼓县、丰城市、樟树市、高安市
抚州市,6 度,0.05g,第一组,临川区、南城县、黎川县、南丰县、崇仁县、乐安县、宜黄县、金溪县、资溪县、东乡县、广昌县
上饶市,6 度,0.05g,第一组,信州区、广丰区、上饶县、玉山县、铅山县、横峰县、弋阳县、余干县、鄱阳县、万年县、婺源县、德兴市
济南市,7 度,0.10g,第三组,长清区
,7 度,0.10g,第二组,平阴县
,6 度,0.05g,第三组,历下区、市中区、槐荫区、天桥区、历城区、济阳县、商河县、章丘市
青岛市,7 度,0.10g,第三组,黄岛区、平度市、胶州市、即墨市
,7 度,0.10g,第二组,市南区、市北区、崂山区、李沧区、城阳区
,6 度,0.05g,第三组,莱西市
淄博市,7 度,0.15g,第二组,临淄区
,7 度,0.10g,第三组,张店区、周村区、桓台县、高青县、沂源县
,7 度,0.10g,第二组,淄川区、博山区
枣庄市,7 度,0.15g,第三组,山亭区
,7 度,0.15g,第二组,台儿庄区
,7 度,0.10g,第三组,市中区、薛城区、峄城区
,7 度,0.10g,第二组,滕州市
东营市,7 度,0.10g,第三组,东营区、河口区、垦利县、广饶县
,6 度,0.05g,第三组,利津县
烟台市,7 度,0.15g,第三组,龙口市
,7 度,0.15g,第二组,长岛县、蓬莱市
,7 度,0.10g,第三组,莱州市、招远市、栖霞市
,7 度,0.10g,第二组,芝罘区、福山区、莱山区
,7 度,0.10g,第一组,牟平区
,6 度,0.05g,第三组,莱阳市、海阳市
潍坊市,8 度,0.20g,第二组,潍城区、坊子区、奎文区、安丘市
,7 度,0.15g,第三组,诸城市
,7 度,0.15g,第二组,寒亭区、临朐县、昌乐县、青州市、寿光市、昌邑市
,7 度,0.10g,第三组,高密市
济宁市,7 度,0.10g,第三组,微山县、梁山县
,7 度,0.10g,第二组,兖州区、汶上县、泗水县、曲阜市、邹城市
,6 度,0.05g,第三组,任城区、金乡县、嘉祥县
,6 度,0.05g,第二组,鱼台县
泰安市,7 度,0.10g,第三组,新泰市、肥城市
,7 度,0.10g,第二组,泰山区、岱岳区、宁阳县
,6 度,0.05g,第三组,东平县
威海市,7 度,0.10g,第一组,环翠区、文登区、荣成市
,6 度,0.05g,第二组,乳山市
日照市,8 度,0.20g,第二组,莒县
,7 度,0.15g,第三组,五莲县
,7 度,0.10g,第三组,东港区、岚山区
莱芜市,7 度,0.10g,第三组,钢城区
,7 度,0.10g,第二组,莱城区
临沂市,8 度,0.20g,第二组,兰山区、罗庄区、河东区、郯城县、沂水县、莒南县、临沭县
,7 度,0.15g,第二组,沂南县、兰陵县、费县
,7 度,0.10g,第三组,平邑县、蒙阴县
德州市,7 度,0.15g,第二组,平原县、禹城市
,7 度,0.10g,第三组,临邑县、齐河县
,7 度,0.10g,第二组,德城区、陵城区、夏津县
,6 度,0.05g,第三组,宁津县、庆云县、武城县、乐陵市
聊城市,8 度,0.20g,第二组,阳谷县、莘县
,7 度,0.15g,第二组,东昌府区、茌平县、高唐县
,7 度,0.10g,第三组,冠县、临清市
,7 度,0.10g,第二组,东阿县
滨州市,7 度,0.10g,第三组,滨城区、博兴县、邹平县
,6 度,0.05g,第三组,沾化区、惠民县、阳信县、无棣县
菏泽市,8 度,0.20g,第二组,鄄城县、东明县
,7 度,0.15g,第二组,牡丹区、郓城县、定陶县
,7 度,0.10g,第三组,巨野县
,7 度,0.10g,第二组,曹县、单县、成武县
郑州市,7 度,0.15g,第二组,中原区、二七区、管城回族区、金水区、惠济区
,7 度,0.10g,第二组,上街区、中牟县、巩义市、荥阳市、新密市、新郑市、登封市
开封市,7 度,0.15g,第二组,兰考县
,7 度,0.10g,第二组,龙亭区、顺河回族区、鼓楼区、禹王台区、祥符区、通许县、尉氏县
,6 度,0.05g,第二组,杞县
洛阳市,7 度,0.10g,第二组,老城区、西工区、瀍河回族区、涧西区、吉利区、洛龙区、孟津县、新安县、宜阳县、偃师市
,6 度,0.05g,第三组,洛宁县
,6 度,0.05g,第二组,嵩县、伊川县
,6 度,0.05g,第一组,栾川县、汝阳县
平顶山市,6 度,0.05g,第一组,新华区、卫东区、石龙区、湛河区1、宝丰县、叶县、鲁山县、舞钢市
,6 度,0.05g,第二组,郏县、汝州市
安阳市,8 度,0.20g,第二组,文峰区、殷都区、龙安区、北关区、安阳县2、汤阴县
,7 度,0.15g,第二组,滑县、内黄县
,7 度,0.10g,第二组,林州市
鹤壁市,8 度,0.20g,第二组,山城区、淇滨区、淇县
,7 度,0.15g,第二组,鹤山区、浚县
新乡市,8 度,0.20g,第二组,红旗区、卫滨区、凤泉区、牧野区、新乡县、获嘉县、原阳县、延津县、卫辉市、辉县市
,7 度,0.15g,第二组,封丘县、长垣县
焦作市,7 度,0.15g,第二组,修武县、武陟县
,7 度,0.10g,第二组,解放区、中站区、马村区、山阳区、博爱县、温县、沁阳市、孟州市
濮阳市,8 度,0.20g,第二组,范县
,7 度,0.15g,第二组,华龙区、清丰县、南乐县、台前县、濮阳县
许昌市,7 度,0.10g,第一组,魏都区、许昌县、鄢陵县、禹州市、长葛市
,6 度,0.05g,第二组,襄城县
漯河市,7 度,0.10g,第一组,舞阳县
,6 度,0.05g,第一组,召陵区、源汇区、郾城区、临颍县
三门峡市,7 度,0.15g,第二组,湖滨区、陕州区、灵宝市
,6 度,0.05g,第三组,渑池县、卢氏县
,6 度,0.05g,第二组,义马市
南阳市,7 度,0.10g,第一组,宛城区、卧龙区、西峡县、镇平县、内乡县、唐河县
,6 度,0.05g,第一组,南召县、方城县、淅川县、社旗县、新野县、桐柏县、邓州市
商丘市,7 度,0.10g,第二组,梁园区、睢阳区、民权县、虞城县
,6 度,0.05g,第三组,睢县、永城市
,6 度,0.05g,第二组,宁陵县、柘城县、夏邑县
信阳市,7 度,0.10g,第一组,罗山县、潢川县、息县
,6 度,0.05g,第一组,浉河区、平桥区、光山县、新县、商城县、固始县、淮滨县
周口市,7 度,0.10g,第一组,扶沟县、太康县
,6 度,0.05g,第一组,川汇区、西华县、商水县、沈丘县、郸城县、淮阳县、鹿邑县、项城市
驻马店市,7 度,0.10g,第一组,西平县
,6 度,0.05g,第一组,驿城区、上蔡县、平舆县、正阳县、确山县、泌阳县、汝南县、遂平县、新蔡县
省直辖县级行政单位,7 度,0.10g,第二组,济源市
武汉市,7 度,0.10g,第一组,新洲区
,6 度,0.05g,第一组,江岸区、江汉区、硚口区、汉阳区、武昌区、青山区、洪山区、东西湖区、汉南区、蔡甸区、江夏区、黄陂区
黄石市,6 度,0.05g,第一组,黄石港区、西塞山区、下陆区、铁山区、阳新县、大冶市
十堰市,7 度,0.15g,第一组,竹山县、竹溪县
,7 度,0.10g,第一组,郧阳区、房县
,6 度,0.05g,第一组,茅箭区、张湾区、郧西县、丹江口市
宜昌市,6 度,0.05g,第一组,西陵区、伍家岗区、点军区、猇亭区、夷陵区、远安县、兴山县、秭归县、长阳土家族自治县、五峰土家族自治县、宜都市、当阳市、枝江市
襄阳市,6 度,0.05g,第一组,襄城区、樊城区、襄州区、南漳县、谷城县、保康县、老河口市、枣阳市、宜城市
鄂州市,6 度,0.05g,第一组,梁子湖区、华容区、鄂城区
荆门市,6 度,0.05g,第一组,东宝区、掇刀区、京山县、沙洋县、钟祥市
孝感市,6 度,0.05g,第一组,孝南区、孝昌县、大悟县、云梦县、应城市、安陆市、汉川市
荆州市,6 度,0.05g,第一组,沙市区、荆州区、公安县、监利县、江陵县、石首市、洪湖市、松滋市
黄冈市,7 度,0.10g,第一组,团风县、罗田县、英山县、麻城市
,6 度,0.05g,第一组,黄州区、红安县、浠水县、蕲春县、黄梅县、武穴市
咸宁市,6 度,0.05g,第一组,咸安区、嘉鱼县、通城县、崇阳县、通山县、赤壁市
随州市,6 度,0.05g,第一组,曾都区、随县、广水市
恩施土家族苗族自治州,6 度,0.05g,第一组,恩施市、利川市、建始县、巴东县、宣恩县、咸丰县、来凤县、鹤峰县
省直辖县级行政单位,6 度,0.05g,第一组,仙桃市、潜江市、天门市、神农架林区
长沙市,6 度,0.05g,第一组,芙蓉区、天心区、岳麓区、开福区、雨花区、望城区、长沙县、宁乡县、浏阳市
株洲市,6 度,0.05g,第一组,荷塘区、芦淞区、石峰区、天元区、株洲县、攸县、茶陵县、炎陵县、醴陵市
湘潭市,6 度,0.05g,第一组,雨湖区、岳塘区、湘潭县、湘乡市、韶山市
衡阳市,6 度,0.05g,第一组,珠晖区、雁峰区、石鼓区、蒸湘区、南岳区、衡阳县、衡南县、衡山县、衡东县、祁东县、耒阳市、常宁市
邵阳市,6 度,0.05g,第一组,双清区、大祥区、北塔区、邵东县、新邵县、邵阳县、隆回县、洞口县、绥宁县、新宁县、城步苗族自治县、武冈市
岳阳市,7 度,0.10g,第二组,湘阴县、汨罗市
,7 度,0.10g,第一组,岳阳楼区、岳阳县
,6 度,0.05g,第一组,云溪区、君山区、华容县、平江县、临湘市
常德市,7 度,0.15g,第一组,武陵区、鼎城区
,7 度,0.10g,第一组,安乡县、汉寿县、澧县、临澧县、桃源县、津市市
,6 度,0.05g,第一组,石门县
张家界市,6 度,0.05g,第一组,永定区、武陵源区、慈利县、桑植县
益阳市,6 度,0.05g,第一组,资阳区、赫山区、南县、桃江县、安化县、沅江市
郴州市,6 度,0.05g,第一组,北湖区、苏仙区、桂阳县、宜章县、永兴县、嘉禾县、临武县、汝城县、桂东县、安仁县、资兴市
永州市,6 度,0.05g,第一组,零陵区、冷水滩区、祁阳县、东安县、双牌县、道县、江永县、宁远县、蓝山县、新田县、江华瑶族自治县
怀化市,6 度,0.05g,第一组,鹤城区、中方县、沅陵县、辰溪县、溆浦县、会同县、麻阳苗族自治县、新晃侗族自治县、芷江侗族自治县、靖州苗族侗族自治县、通道侗族自治县、洪江市
娄底市,6 度,0.05g,第一组,娄星区、双峰县、新化县、冷水江市、涟源市
湘西土家族苗族自治州,6 度,0.05g,第一组,吉首市、泸溪县、凤凰县、花垣县、保靖县、古丈县、永顺县、龙山县
广州市,7 度,0.10g,第一组,荔湾区、越秀区、海珠区、天河区、白云区、黄埔区、番禺区、南沙区
,6 度,0.05g,第一组,花都区、增城区、从化区
韶关市,6 度,0.05g,第一组,武江区、浈江区、曲江区、始兴县、仁化县、翁源县、乳源瑶族自治县、新丰县、乐昌市、南雄市
深圳市,7 度,0.10g,第一组,罗湖区、福田区、南山区、宝安区、龙岗区、盐田区
珠海市,7 度,0.10g,第二组,香洲区、金湾区
,7 度,0.10g,第一组,斗门区
汕头市,8 度,0.20g,第二组,龙湖区、金平区、濠江区、潮阳区、澄海区、南澳县
,7 度,0.15g,第二组,潮南区
佛山市,7 度,0.10g,第一组,禅城区、南海区、顺德区、三水区、高明区
江门市,7 度,0.10g,第一组,蓬江区、江海区、新会区、鹤山市
,6 度,0.05g,第一组,台山市、开平市、恩平市
湛江市,8 度,0.20g,第二组,徐闻县
,7 度,0.10g,第一组,赤坎区、霞山区、坡头区、麻章区、遂溪县、廉江市、雷州市、吴川市
茂名市,7 度,0.10g,第一组,茂南区、电白区、化州市
,6 度,0.05g,第一组,高州市、信宜市
肇庆市,7 度,0.10g,第一组,端州区、鼎湖区、高要区
,6 度,0.05g,第一组,广宁县、怀集县、封开县、德庆县、四会市
惠州市,6 度,0.05g,第一组,惠城区、惠阳区、博罗县、惠东县、龙门县
梅州市,7 度,0.10g,第二组,大埔县
,7 度,0.10g,第一组,梅江区、梅县区、丰顺县
,6 度,0.05g,第一组,五华县、平远县、蕉岭县、兴宁市
汕尾市,7 度,0.10g,第一组,城区、海丰县、陆丰市
,6 度,0.05g,第一组,陆河县
河源市,7 度,0.10g,第一组,源城区、东源县
,6 度,0.05g,第一组,紫金县、龙川县、连平县、和平县
阳江市,7 度,0.15g,第一组,江城区
,7 度,0.10g,第一组,阳东区、阳西县
,6 度,0.05g,第一组,阳春市
清远市,6 度,0.05g,第一组,清城区、清新区、佛冈县、阳山县、连山壮族瑶族自治县、连南瑶族自治县、英德市、连州市
东莞市,7 度,0.10g,第一组,东莞市
中山市,6 度,0.05g,第一组,中山市
潮州市,8 度,0.20g,第二组,湘桥区、潮安区
,7 度,0.15g,第二组,饶平县
揭阳市,7 度,0.15g,第二组,榕城区、揭东区
,7 度,0.10g,第二组,惠来县、普宁市
,6 度,0.05g,第一组,揭西县
云浮市,6 度,0.05g,第一组,云城区、云安区、新兴县、郁南县、罗定市
南宁市,7 度,0.15g,第一组,隆安县
,7 度,0.10g,第一组,兴宁区、青秀区、江南区、西乡塘区、良庆区、邕宁区、横县
,6 度,0.05g,第一组,武鸣区、马山县、上林县、宾阳县
柳州市,6 度,0.05g,第一组,城中区、鱼峰区、柳南区、柳北区、柳江县、柳城县、鹿寨县、融安县、融水苗族自治县、三江侗族自治县
桂林市,6 度,0.05g,第一组,秀峰区、叠彩区、象山区、七星区、雁山区、临桂区、阳朔县、灵川县、全州县、兴安县、永福县、灌阳县、龙胜各族自治县、资源县、平乐县、荔浦县、恭城瑶族自治县
梧州市,6 度,0.05g,第一组,万秀区、长洲区、龙圩区、苍梧县、藤县、蒙山县、岑溪市
北海市,7 度,0.10g,第一组,合浦县
,6 度,0.05g,第一组,海城区、银海区、铁山港区
防城港市,6 度,0.05g,第一组,港口区、防城区、上思县、东兴市
钦州市,7 度,0.15g,第一组,灵山县
,7 度,0.10g,第一组,钦南区、钦北区、浦北县
贵港市,6 度,0.05g,第一组,港北区、港南区、覃塘区、平南县、桂平市
玉林市,7 度,0.10g,第一组,玉州区、福绵区、陆川县、博白县、兴业县、北流市
,6 度,0.05g,第一组,容县
百色市,7 度,0.15g,第一组,田东县、平果县、乐业县
,7 度,0.10g,第一组,右江区、田阳县、田林县
,6 度,0.05g,第二组,西林县、隆林各族自治县
,6 度,0.05g,第一组,德保县、那坡县、凌云县
贺州市,6 度,0.05g,第一组,八步区、昭平县、钟山县、富川瑶族自治县
河池市,6 度,0.05g,第一组,金城江区、南丹县、天峨县、凤山县、东兰县、罗城仫佬族自治县、环江毛南族自治县、巴马瑶族自治县、都安瑶族自治县、大化瑶族自治县、宜州市
来宾市,6 度,0.05g,第一组,兴宾区、忻城县、象州县、武宣县、金秀瑶族自治县、合山市
崇左市,7 度,0.10g,第一组,扶绥县
,6 度,0.05g,第一组,江州区、宁明县、龙州县、大新县、天等县、凭祥市
自治区直辖县级行政单位,6 度,0.05g,第一组,靖西市
海口市,8 度,0.30g,第二组,秀英区、龙华区、琼山区、美兰区
三亚市,6 度,0.05g,第一组,海棠区、吉阳区、天涯区、崖州区
三沙市,7 度,0.10g,第一组,三沙市1
儋州市,7 度,0.10g,第二组,儋州市
省直辖县级行政单位,8 度,0.20g,第二组,文昌市、定安县
,7 度,0.15g,第二组,澄迈县
,7 度,0.15g,第一组,临高县
,7 度,0.10g,第二组,琼海市、屯昌县
,6 度,0.05g,第二组,白沙黎族自治县、琼中黎族苗族自治县
,6 度,0.05g,第一组,五指山市、万宁市、东方市、昌江黎族自治县、乐东黎族自治县、陵水黎族自治县、保亭黎族苗族自治县
重庆市,7 度,0.10g,第一组,黔江区、荣昌区
,6 度,0.05g,第一组,万州区、涪陵区、渝中区、大渡口区、江北区、沙坪坝区、九龙坡区、南岸区、北碚区、綦江区、大足区、渝北区、巴南区、长寿区、江津区、合川区、永川区、南川区、铜梁区、璧山区、潼南区、梁平县、城口县、丰都县、垫江县、武隆县、忠县、开县、云阳县、奉节县、巫山县、巫溪县、石柱土家族自治县、秀山土家族苗族自治县、酉阳土家族苗族自治县、彭水苗族土家族自治县
成都市,8 度,0.20g,第二组,都江堰市
,7 度,0.15g,第二组,彭州市
,7 度,0.10g,第三组,锦江区、青羊区、金牛区、武侯区、成华区、龙泉驿区、青白江区、新都区、温江区、金堂县、双流县、郫县、大邑县、蒲江县、新津县、邛崃市、崇州市
自贡市,7 度,0.10g,第二组,富顺县
,7 度,0.10g,第一组,自流井区、贡井区、大安区、沿滩区
,6 度,0.05g,第三组,荣县
攀枝花市,7 度,0.15g,第三组,东区、西区、仁和区、米易县、盐边县
泸州市,6 度,0.05g,第二组,泸县
,6 度,0.05g,第一组,江阳区、纳溪区、龙马潭区、合江县、叙永县、古蔺县
德阳市,7 度,0.15g,第二组,什邡市、绵竹市
,7 度,0.10g,第三组,广汉市
,7 度,0.10g,第二组,旌阳区、中江县、罗江县
绵阳市,8 度,0.20g,第二组,平武县
,7 度,0.15g,第二组,北川羌族自治县（新）、江油市
,7 度,0.10g,第二组,涪城区、游仙区、安县
,6 度,0.05g,第二组,三台县、盐亭县、梓潼县
广元市,7 度,0.15g,第二组,朝天区、青川县
,7 度,0.10g,第二组,利州区、昭化区、剑阁县
,6 度,0.05g,第二组,旺苍县、苍溪县
遂宁市,6 度,0.05g,第一组,船山区、安居区、蓬溪县、射洪县、大英县
内江市,7 度,0.10g,第一组,隆昌县
,6 度,0.05g,第二组,威远县
,6 度,0.05g,第一组,市中区、东兴区、资中县
乐山市,7 度,0.15g,第三组,金口河区
,7 度,0.15g,第二组,沙湾区、沐川县、峨边彝族自治县、马边彝族自治县
,7 度,0.10g,第三组,五通桥区、犍为县、夹江县
,7 度,0.10g,第二组,市中区、峨眉山市
,6 度,0.05g,第三组,井研县
南充市,6 度,0.05g,第二组,阆中市
,6 度,0.05g,第一组,顺庆区、高坪区、嘉陵区、南部县、营山县、蓬安县、仪陇县、西充县
眉山市,7 度,0.10g,第三组,东坡区、彭山区、洪雅县、丹棱县、青神县
,6 度,0.05g,第二组,仁寿县
宜宾市,7 度,0.10g,第三组,高县
,7 度,0.10g,第二组,翠屏区、宜宾县、屏山县
,6 度,0.05g,第三组,珙县、筠连县
,6 度,0.05g,第二组,南溪区、江安县、长宁县
,6 度,0.05g,第一组,兴文县
广安市,6 度,0.05g,第一组,广安区、前锋区、岳池县、武胜县、邻水县、华蓥市
达州市,6 度,0.05g,第一组,通川区、达川区、宣汉县、开江县、大竹县、渠县、万源市
雅安市,8 度,0.20g,第三组,石棉县
,8 度,0.20g,第一组,宝兴县
,7 度,0.15g,第三组,荥经县、汉源县
,7 度,0.15g,第二组,天全县、芦山县
,7 度,0.10g,第三组,名山区
,7 度,0.10g,第二组,雨城区
巴中市,6 度,0.05g,第一组,巴州区、恩阳区、通江县、平昌县
,6 度,0.05g,第二组,南江县
资阳市,6 度,0.05g,第一组,雁江区、安岳县、乐至县
,6 度,0.05g,第二组,简阳市
阿坝藏族羌族自治州,8 度,0.20g,第三组,九寨沟县
,8 度,0.20g,第二组,松潘县
,8 度,0.20g,第一组,汶川县、茂县
,7 度,0.15g,第二组,理县、阿坝县
,7 度,0.10g,第三组,金川县、小金县、黑水县、壤塘县、若尔盖县、红原县
,7 度,0.10g,第二组,马尔康县
甘孜藏族自治州,9 度,0.40g,第二组,康定市
,8 度,0.30g,第二组,道孚县、炉霍县
,8 度,0.20g,第三组,理塘县、甘孜县
,8 度,0.20g,第二组,泸定县、德格县、白玉县、巴塘县、得荣县
,7 度,0.15g,第三组,九龙县、雅江县、新龙县
,7 度,0.15g,第二组,丹巴县
,7 度,0.10g,第三组,石渠县、色达县、稻城县
,7 度,0.10g,第二组,乡城县
凉山彝族自治州,9 度,0.40g,第三组,西昌市
,8 度,0.30g,第三组,宁南县、普格县、冕宁县
,8 度,0.20g,第三组,盐源县、德昌县、布拖县、昭觉县、喜德县、越西县、雷波县
,7 度,0.15g,第三组,木里藏族自治县、会东县、金阳县、甘洛县、美姑县
,7 度,0.10g,第三组,会理县
贵阳市,6 度,0.05g,第一组,南明区、云岩区、花溪区、乌当区、白云区、观山湖区、开阳县、息烽县、修文县、清镇市
六盘水市,7 度,0.10g,第二组,钟山区
,6 度,0.05g,第三组,盘县
,6 度,0.05g,第二组,水城县
,6 度,0.05g,第一组,六枝特区
遵义市,6 度,0.05g,第一组,红花岗区、汇川区、遵义县、桐梓县、绥阳县、正安县、道真仡佬族苗族自治县、务川仡佬族苗族自治县凤、冈县、湄潭县、余庆县、习水县、赤水市、仁怀市
安顺市,6 度,0.05g,第一组,西秀区、平坝区、普定县、镇宁布依族苗族自治县、关岭布依族苗族自治县、紫云苗族布依族自治县
铜仁市,6 度,0.05g,第一组,碧江区、万山区、江口县、玉屏侗族自治县、石阡县、思南县、印江土家族苗族自治县、德江县、沿河土家族自治县、松桃苗族自治县
黔西南布依族苗族自治州,7 度,0.15g,第一组,望谟县
,7 度,0.10g,第二组,普安县、晴隆县
,6 度,0.05g,第三组,兴义市
,6 度,0.05g,第二组,兴仁县、贞丰县、册亨县、安龙县
毕节市,7 度,0.10g,第三组,威宁彝族回族苗族自治县
,6 度,0.05g,第三组,赫章县
,6 度,0.05g,第二组,七星关区、大方县、纳雍县
,6 度,0.05g,第一组,金沙县、黔西县、织金县
黔东南苗族侗族自治州,6 度,0.05g,第一组,凯里市、黄平县、施秉县、三穗县、镇远县、岑巩县、天柱县、锦屏县、剑河县、台江县、黎平县、榕江县、从江县、雷山县、麻江县、丹寨县
黔南布依族苗族自治州,7 度,0.10g,第一组,福泉市、贵定县、龙里县
,6 度,0.05g,第一组,都匀市、荔波县、瓮安县、独山县、平塘县、罗甸县、长顺县、惠水县、三都水族自治县
昆明市,9 度,0.40g,第三组,东川区、寻甸回族彝族自治县
,8 度,0.30g,第三组,宜良县、嵩明县
,8 度,0.20g,第三组,五华区、盘龙区、官渡区、西山区、呈贡区、晋宁县、石林彝族自治县、安宁市
,7 度,0.15g,第三组,富民县、禄劝彝族苗族自治县
曲靖市,8 度,0.20g,第三组,马龙县、会泽县
,7 度,0.15g,第三组,麒麟区、陆良县、沾益县
,7 度,0.10g,第三组,师宗县、富源县、罗平县、宣威市
玉溪市,8 度,0.30g,第三组,江川县、澄江县、通海县、华宁县、峨山彝族自治县
,8 度,0.20g,第三组,红塔区、易门县
,7 度,0.15g,第三组,新平彝族傣族自治县、元江哈尼族彝族傣自治县
保山市,8 度,0.30g,第三组,龙陵县
,8 度,0.20g,第三组,隆阳区、施甸县
,7 度,0.15g,第三组,昌宁县
昭通市,8 度,0.20g,第三组,巧家县、永善县
,7 度,0.15g,第三组,大关县、彝良县、鲁甸县
,7 度,0.15g,第二组,绥江县
,7 度,0.10g,第三组,昭阳区、盐津县
,7 度,0.10g,第二组,水富县
,6 度,0.05g,第二组,镇雄县、威信县
丽江市,8 度,0.30g,第三组,古城区、玉龙纳西族自治县、永胜县
,8 度,0.20g,第三组,宁蒗彝族自治县
,7 度,0.15g,第三组,华坪县
普洱市,9 度,0.40g,第三组,澜沧拉祜族自治县
,8 度,0.30g,第三组,孟连傣族拉祜族佤族自治县、西盟佤族自治县
,8 度,0.20g,第三组,思茅区、宁洱哈尼族彝族自县
,7 度,0.15g,第三组,景东彝族自治县、景谷傣族彝族自治县
,7 度,0.10g,第三组,墨江哈尼族自治县、镇沅彝族哈尼族拉祜族自治县、江城哈尼族彝族自治县
临沧市,8 度,0.30g,第三组,双江拉祜族佤族布朗族傣族自治县、耿马傣族佤族自治县、沧源佤族自治县
,8 度,0.20g,第三组,临翔区、凤庆县、云县、永德县、镇康县
楚雄彝族自治州,8 度,0.20g,第三组,楚雄市、南华县
,7 度,0.15g,第三组,双柏县、牟定县、姚安县、大姚县、元谋县、武定县、禄丰县
,7 度,0.10g,第三组,永仁县
红河哈尼族彝族自治州,8 度,0.30g,第三组,建水县、石屏县
,7 度,0.15g,第三组,个旧市、开远市、弥勒市、元阳县、红河县
,7 度,0.10g,第三组,蒙自市、泸西县、金平苗族瑶族傣族自治县、绿春县
,7 度,0.10g,第一组,河口瑶族自治县
,6 度,0.05g,第三组,屏边苗族自治县
文山壮族苗族自治州,7 度,0.10g,第三组,文山市
,6 度,0.05g,第三组,砚山县、丘北县
,6 度,0.05g,第二组,广南县
,6 度,0.05g,第一组,西畴县、麻栗坡县、马关县、富宁县
西双版纳傣族自治州,8 度,0.30g,第三组,勐海县
,8 度,0.20g,第三组,景洪市
,7 度,0.15g,第三组,勐腊县
大理白族自治州,8 度,0.30g,第三组,洱源县、剑川县、鹤庆县
,8 度,0.20g,第三组,大理市、漾濞彝族自治县、祥云县、宾川县、弥渡县、南涧彝族自治县、巍山彝族回族自治县
,7 度,0.15g,第三组,永平县、云龙县
德宏傣族景颇族自治州,8 度,0.30g,第三组,瑞丽市、芒市
,8 度,0.20g,第三组,梁河县、盈江县、陇川县
怒江傈僳族自治州,8 度,0.20g,第三组,泸水县
,8 度,0.20g,第二组,福贡县、贡山独龙族怒族自治县
,7 度,0.15g,第三组,兰坪白族普米族自治县
迪庆藏族自治州,8 度,0.20g,第二组,香格里拉市、德钦县、维西傈僳族自治县
省直辖县级行政单位,8 度,0.20g,第三组,腾冲市
拉萨市,9 度,0.40g,第三组,当雄县
,8 度,0.20g,第三组,城关区、林周县、尼木县、堆龙德庆县
,7 度,0.15g,第三组,曲水县、达孜县、墨竹工卡县
昌都市,8 度,0.20g,第三组,卡若区、边坝县、洛隆县
,7 度,0.15g,第三组,类乌齐县、丁青县、察雅县、八宿县、左贡县
,7 度,0.15g,第二组,江达县、芒康县
,7 度,0.10g,第三组,贡觉县
山南地区,8 度,0.30g,第三组,错那县
,8 度,0.20g,第三组,桑日县、曲松县、隆子县
,7 度,0.15g,第三组,乃东县、扎囊县、贡嘎县、琼结县、措美县、洛扎县、加查县、浪卡子县
日喀则市,8 度,0.20g,第三组,仁布县、康马县、聂拉木县
,8 度,0.20g,第二组,拉孜县、定结县、亚东县
,7 度,0.15g,第三组,桑珠孜区（原日喀则市）、南木林县、江孜县、定日县、萨迦县、白朗县、吉隆县、萨嘎县、岗巴县
,7 度,0.15g,第二组,昂仁县、谢通门县、仲巴县
那曲地区,8 度,0.30g,第三组,申扎县
,8 度,0.20g,第三组,那曲县、安多县、尼玛县
,8 度,0.20g,第二组,嘉黎县
,7 度,0.15g,第三组,聂荣县、班戈县
,7 度,0.15g,第二组,索县、巴青县、双湖县
,7 度,0.10g,第三组,比如县
阿里地区,8 度,0.20g,第三组,普兰县
,7 度,0.15g,第三组,噶尔县、日土县
,7 度,0.15g,第二组,札达县、改则县
,7 度,0.10g,第三组,革吉县
,7 度,0.10g,第二组,措勤县
林芝市,9 度,0.40g,第三组,墨脱县
,8 度,0.30g,第三组,米林县、波密县
,8 度,0.20g,第三组,巴宜区（原林芝县）
,7 度,0.15g,第三组,察隅县、朗县
,7 度,0.10g,第三组,工布江达县
西安市,8 度,0.20g,第二组,新城区、碑林区、莲湖区、灞桥区、未央区、雁塔区、阎良区、临潼区、长安区、高陵区、蓝田县、周至县、户县
铜川市,7 度,0.10g,第三组,王益区、印台区、耀州区
,6 度,0.05g,第三组,宜君县
宝鸡市,8 度,0.20g,第三组,凤翔县、岐山县、陇县、千阳县
,8 度,0.20g,第二组,渭滨区、金台区、陈仓区、扶风县、眉县
,7 度,0.15g,第三组,凤县
,7 度,0.10g,第三组,麟游县、太白县
咸阳市,8 度,0.20g,第二组,秦都区、杨陵区、渭城区、泾阳县、武功县、兴平市
,7 度,0.15g,第三组,乾县
,7 度,0.15g,第二组,三原县、礼泉县
,7 度,0.10g,第三组,永寿县、淳化县
,6 度,0.05g,第三组,彬县、长武县、旬邑县
渭南市,8 度,0.30g,第二组,华县
,8 度,0.20g,第二组,临渭区、潼关县、大荔县、华阴市
,7 度,0.15g,第三组,澄城县、富平县
,7 度,0.15g,第二组,合阳县、蒲城县、韩城市
,7 度,0.10g,第三组,白水县
延安市,6 度,0.05g,第三组,吴起县、富县、洛川县、宜川县、黄龙县、黄陵县
,6 度,0.05g,第二组,延长县、延川县
,6 度,0.05g,第一组,宝塔区、子长县、安塞县、志丹县、甘泉县
汉中市,7 度,0.15g,第二组,略阳县
,7 度,0.10g,第三组,留坝县
,7 度,0.10g,第二组,汉台区、南郑县、勉县、宁强县
,6 度,0.05g,第三组,城固县、洋县、西乡县、佛坪县
,6 度,0.05g,第一组,镇巴县
榆林市,6 度,0.05g,第三组,府谷县、定边县、吴堡县
,6 度,0.05g,第一组,榆阳区、神木县、横山县、靖边县、绥德县、米脂县、佳县、清涧县、子洲县
安康市,7 度,0.10g,第一组,汉滨区、平利县
,6 度,0.05g,第三组,汉阴县、石泉县、宁陕县
,6 度,0.05g,第二组,紫阳县、岚皋县、旬阳县、白河县
,6 度,0.05g,第一组,镇坪县
商洛市,7 度,0.15g,第二组,洛南县
,7 度,0.10g,第三组,商州区、柞水县
,7 度,0.10g,第一组,商南县
,6 度,0.05g,第三组,丹凤县、山阳县、镇安县
兰州市,8 度,0.20g,第三组,城关区、七里河区、西固区、安宁区、永登县
,7 度,0.15g,第三组,红古区、皋兰县、榆中县
嘉峪关市,8 度,0.20g,第二组,嘉峪关市
金昌市,7 度,0.15g,第三组,金川区、永昌县
白银市,8 度,0.30g,第三组,平川区
,8 度,0.20g,第三组,靖远县、会宁县、景泰县
,7 度,0.15g,第三组,白银区
天水市,8 度,0.30g,第二组,秦州区、麦积区
,8 度,0.20g,第三组,清水县、秦安县、武山县、张家川回族自治县
,8 度,0.20g,第二组,甘谷县
武威市,8 度,0.30g,第三组,古浪县
,8 度,0.20g,第三组,凉州区、天祝藏族自治县
,7 度,0.10g,第三组,民勤县
张掖市,8 度,0.20g,第三组,临泽县
,8 度,0.20g,第二组,肃南裕固族自治县、高台县
,7 度,0.15g,第三组,甘州区
,7 度,0.15g,第二组,民乐县、山丹县
平凉市,8 度,0.20g,第三组,华亭县、庄浪县、静宁县
,7 度,0.15g,第三组,崆峒区、崇信县
,7 度,0.10g,第三组,泾川县、灵台县
酒泉市,8 度,0.20g,第二组,肃北蒙古族自治县
,7 度,0.15g,第三组,肃州区、玉门市
,7 度,0.15g,第二组,金塔县、阿克塞哈萨克族自治县
,7 度,0.10g,第三组,瓜州县、敦煌市
庆阳市,7 度,0.10g,第三组,西峰区、环县、镇原县
,6 度,0.05g,第三组,庆城县、华池县、合水县、正宁县、宁县
定西市,8 度,0.20g,第三组,通渭县、陇西县、漳县
,7 度,0.15g,第三组,安定区、渭源县、临洮县、岷县
陇南市,8 度,0.30g,第二组,西和县、礼县
,8 度,0.20g,第三组,两当县
,8 度,0.20g,第二组,武都区、成县、文县、宕昌县、康县、徽县
临夏回族自治州,8 度,0.20g,第三组,永靖县
,7 度,0.15g,第三组,临夏市、康乐县、广河县、和政县、东乡族自治县、
,7 度,0.15g,第二组,临夏县
,7 度,0.10g,第三组,积石山保安族东乡族撒拉族自治县
甘南藏族自治州,8 度,0.20g,第三组,舟曲县
,8 度,0.20g,第二组,玛曲县
,7 度,0.15g,第三组,临潭县、卓尼县、迭部县
,7 度,0.15g,第二组,合作市、夏河县
,7 度,0.10g,第三组,碌曲县
西宁市,7 度,0.10g,第三组,城中区、城东区、城西区、城北区、大通回族土族自治县、湟中县、湟源县
海东市,7 度,0.10g,第三组,乐都区、平安区、民和回族土族自治县、互助土族自治县、化隆回族自治县、循化撒拉族自治县
海北藏族自治州,8 度,0.20g,第二组,祁连县
,7 度,0.15g,第三组,门源回族自治县
,7 度,0.15g,第二组,海晏县
,7 度,0.10g,第三组,刚察县
黄南藏族自治州,7 度,0.15g,第二组,同仁县
,7 度,0.10g,第三组,尖扎县、河南蒙古族自治县
,7 度,0.10g,第二组,泽库县
海南藏族自治州,7 度,0.15g,第二组,贵德县
,7 度,0.10g,第三组,共和县、同德县、兴海县、贵南县
果洛藏族自治州,8 度,0.30g,第三组,玛沁县
,8 度,0.20g,第三组,甘德县、达日县
,7 度,0.15g,第三组,玛多县
,7 度,0.10g,第三组,班玛县、久治县
玉树藏族自治州,8 度,0.20g,第三组,曲麻莱县
,7 度,0.15g,第三组,玉树市、治多县
,7 度,0.10g,第三组,称多县
,7 度,0.10g,第二组,杂多县、囊谦县
海西蒙古族藏族自治州,7 度,0.15g,第三组,德令哈市
,7 度,0.15g,第二组,乌兰县
,7 度,0.10g,第三组,格尔木市、都兰县、天峻县
银川市,8 度,0.20g,第三组,灵武市
,8 度,0.20g,第二组,兴庆区、西夏区、金凤区、永宁县、贺兰县
石嘴山市,8 度,0.20g,第二组,大武口区、惠农区、平罗县
吴忠市,8 度,0.20g,第三组,利通区、红寺堡区、同心县、青铜峡市
,6 度,0.05g,第三组,盐池县
固原市,8 度,0.20g,第三组,原州区、西吉县、隆德县、泾源县
,7 度,0.15g,第三组,彭阳县
中卫市,8 度,0.20g,第三组,沙坡头区、中宁县、海原县
乌鲁木齐市,8 度,0.20g,第二组,天山区、沙依巴克区、新市区、水磨沟区、头屯河区、达阪城区、米东区、乌鲁木齐县1
克拉玛依市,8 度,0.20g,第三组,独山子区
,7 度,0.10g,第三组,克拉玛依区、白碱滩区
,7 度,0.10g,第一组,乌尔禾区
吐鲁番市,7 度,0.15g,第二组,高昌区（原吐鲁番市）
,7 度,0.10g,第二组,鄯善县、托克逊县
哈密地区,8 度,0.20g,第二组,巴里坤哈萨克自治县
,7 度,0.15g,第二组,伊吾县
,7 度,0.10g,第二组,哈密市
昌吉回族自治州,8 度,0.20g,第三组,昌吉市、玛纳斯县
,8 度,0.20g,第二组,木垒哈萨克自治县
,7 度,0.15g,第三组,呼图壁县
,7 度,0.15g,第二组,阜康市、吉木萨尔县
,7 度,0.10g,第二组,奇台县
博尔塔拉蒙古自治州,8 度,0.20g,第三组,精河县
,8 度,0.20g,第二组,阿拉山口市
,7 度,0.15g,第三组,博乐市、温泉县
巴音郭楞蒙古自治州,8 度,0.20g,第二组,库尔勒市、焉耆回族自治县、和静镇、和硕县、博湖县
,7 度,0.15g,第二组,轮台县
,7 度,0.10g,第三组,且末县
,7 度,0.10g,第二组,尉犁县、若羌县
阿克苏地区,8 度,0.20g,第二组,阿克苏市、温宿县、库车县、拜城县、乌什县、柯坪县
,7 度,0.15g,第二组,新和县
,7 度,0.10g,第三组,沙雅县、阿瓦提县、阿瓦提镇
克孜勒苏柯尔克孜自治州,9 度,0.40g,第三组,乌恰县
,8 度,0.30g,第三组,阿图什市
,8 度,0.20g,第三组,阿克陶县
,8 度,0.20g,第二组,阿合奇县
喀什地区,9 度,0.40g,第三组,塔什库尔干塔吉克自治县
,8 度,0.30g,第三组,喀什市、疏附县、英吉沙县
,8 度,0.20g,第三组,疏勒县、岳普湖县、伽师县、巴楚县
,7 度,0.15g,第三组,泽普县、叶城县
,7 度,0.10g,第三组,莎车县、麦盖提县
和田地区,7 度,0.15g,第二组,和田市、和田县2、墨玉县、洛浦县、策勒县
,7 度,0.10g,第三组,皮山县
,7 度,0.10g,第二组,于田县、民丰县
伊犁哈萨克自治州,8 度,0.30g,第三组,昭苏县、特克斯县、尼勒克县
,8 度,0.20g,第三组,伊宁市、奎屯市、霍尔果斯市、伊宁县、霍城县、巩留县、新源县
,7 度,0.15g,第三组,察布查尔锡伯自治县
塔城地区,8 度,0.20g,第三组,乌苏市、沙湾县
,7 度,0.15g,第二组,托里县
,7 度,0.15g,第一组,和布克赛尔蒙古自治县
,7 度,0.10g,第二组,裕民县
,7 度,0.10g,第一组,塔城市、额敏县
阿勒泰地区,8 度,0.20g,第三组,富蕴县、青河县
,7 度,0.15g,第二组,阿勒泰市、哈巴河县
,7 度,0.10g,第二组,布尔津县
,6 度,0.05g,第三组,福海县、吉木乃县
自治区直辖县级行政单位,8 度,0.20g,第三组,石河子市、可克达拉市
,8 度,0.20g,第二组,铁门关市
,7 度,0.15g,第三组,图木舒克市、五家渠市、双河市
,7 度,0.10g,第二组,北屯市、阿拉尔市
香港特别行政区,7 度,0.15g,第二组,香港
澳门特别行政区,7 度,0.10g,第二组,澳门
台湾省,9 度,0.40g,第三组,嘉义县、嘉义市、云林县、南投县、彰化县、台中市、苗栗县、花莲县
,9 度,0.40g,第二组,台南县、台中县
,8 度,0.30g,第三组,台北市、台北县、基隆市、桃园县、新竹县、新竹市、宜兰县、台东县、屏东县
,8 度,0.20g,第三组,高雄市、高雄县、金门县
,8 度,0.20g,第二组,澎湖县
,6 度,0.05g,第三组,妈祖县
